Workbook

Sheet Sheet1
A1: 동기부여 | B1: -10 | D1: 스탯 | E1: 재능 | F1: 순위 | H1: 직업 | I1: 재능 | J1: 순위
A2: 창의력 | B2: 4 | D2: 법 | E2: =VLOOKUP(D2,Sheet2!$A$2:$H$109,8,0) -> -16.666667 | F2: =RANK(E2,$E$2:$E$37) -> 27 | H2: 소방관 | I2: =VLOOKUP(H2,Sheet2!$M:$S,7,0) -> 47.099129 | J2: =RANK(I2,$I$2:$I$68) -> 1
A3: 집중력 | B3: -73 | D3: 미술 | E3: =VLOOKUP(D3,Sheet2!$A$2:$H$109,8,0) -> -22.185185 | F3: =RANK(E3,$E$2:$E$37) -> 32 | H3: 격투기 선수 | I3: =VLOOKUP(H3,Sheet2!$M:$S,7,0) -> 40.911195 | J3: =RANK(I3,$I$2:$I$68) -> 2
A4: 체격 | B4: 26 | D4: 예술 | E4: =VLOOKUP(D4,Sheet2!$A$2:$H$109,8,0) -> -17.608696 | F4: =RANK(E4,$E$2:$E$37) -> 28 | H4: 외교관 | I4: =VLOOKUP(H4,Sheet2!$M:$S,7,0) -> 39.571766 | J4: =RANK(I4,$I$2:$I$68) -> 3
A5: 키 | D5: 요리실력 | E5: =VLOOKUP(D5,Sheet2!$A$2:$H$109,8,0) -> 37.133333 | F5: =RANK(E5,$E$2:$E$37) -> 12 | H5: 교수-소방안전학과 | I5: =VLOOKUP(H5,Sheet2!$M:$S,7,0) -> 39.263354 | J5: =RANK(I5,$I$2:$I$68) -> 4
A6: 얼굴 | B6: 154 | D6: 경찰지식 | E6: =VLOOKUP(D6,Sheet2!$A$2:$H$109,8,0) -> 36.242424 | F6: =RANK(E6,$E$2:$E$37) -> 14 | H6: 공무원-5급 | I6: =VLOOKUP(H6,Sheet2!$M:$S,7,0) -> 38.866057 | J6: =RANK(I6,$I$2:$I$68) -> 5
A7: 기억력 | B7: -24 | D7: 음악 | E7: =VLOOKUP(D7,Sheet2!$A$2:$H$109,8,0) -> -0.71428571 | F7: =RANK(E7,$E$2:$E$37) -> 23 | H7: 공무원-7급 | I7: =VLOOKUP(H7,Sheet2!$M:$S,7,0) -> 38.300956 | J7: =RANK(I7,$I$2:$I$68) -> 6
A8: 언어 능력 | B8: 156 | D8: 창의력 | E8: =VLOOKUP(D8,Sheet2!$A$2:$H$109,8,0) -> -2.1818182 | F8: =RANK(E8,$E$2:$E$37) -> 24 | H8: 군인 | I8: =VLOOKUP(H8,Sheet2!$M:$S,7,0) -> 37.828399 | J8: =RANK(I8,$I$2:$I$68) -> 7
A9: 논리력 | B9: 27 | D9: 디자인 | E9: =VLOOKUP(D9,Sheet2!$A$2:$H$109,8,0) -> -4.3181818 | F9: =RANK(E9,$E$2:$E$37) -> 25 | H9: 쉐프 | I9: =VLOOKUP(H9,Sheet2!$M:$S,7,0) -> 37.577068 | J9: =RANK(I9,$I$2:$I$68) -> 8
A10: 사교성 | B10: 12 | D10: 군사지식 | E10: =VLOOKUP(D10,Sheet2!$A$2:$H$109,8,0) -> 32.777778 | F10: =RANK(E10,$E$2:$E$37) -> 15 | H10: 농부 | I10: =VLOOKUP(H10,Sheet2!$M:$S,7,0) -> 37.420259 | J10: =RANK(I10,$I$2:$I$68) -> 9
A11: 리더십 | B11: 26 | D11: 연기력 | E11: =VLOOKUP(D11,Sheet2!$A$2:$H$109,8,0) -> 27.076923 | F11: =RANK(E11,$E$2:$E$37) -> 18 | H11: 공무원-9급 | I11: =VLOOKUP(H11,Sheet2!$M:$S,7,0) -> 37.213251 | J11: =RANK(I11,$I$2:$I$68) -> 10
A12: 회복력 | B12: 82 | D12: 예능감각 | E12: =VLOOKUP(D12,Sheet2!$A$2:$H$109,8,0) -> 43.096774 | F12: =RANK(E12,$E$2:$E$37) -> 8 | H12: 경찰 | I12: =VLOOKUP(H12,Sheet2!$M:$S,7,0) -> 36.837506 | J12: =RANK(I12,$I$2:$I$68) -> 11
A13: 건강 | B13: 166 | D13: 일하는 기술 | E13: =VLOOKUP(D13,Sheet2!$A$2:$H$109,8,0) -> 14.034483 | F13: =RANK(E13,$E$2:$E$37) -> 22 | H13: 교수-방송연예학과 | I13: =VLOOKUP(H13,Sheet2!$M:$S,7,0) -> 33.897696 | J13: =RANK(I13,$I$2:$I$68) -> 12
A14: 정신력 | B14: -13 | D14: 사무 능력 | E14: =VLOOKUP(D14,Sheet2!$A$2:$H$109,8,0) -> -24.482759 | F14: =RANK(E14,$E$2:$E$37) -> 35 | H14: 교수-경영학과 | I14: =VLOOKUP(H14,Sheet2!$M:$S,7,0) -> 32.203313 | J14: =RANK(I14,$I$2:$I$68) -> 13
A15: 지구력 | B15: -40 | D15: 고급 외국어 | E15: =VLOOKUP(D15,Sheet2!$A$2:$H$109,8,0) -> 22.424658 | F15: =RANK(E15,$E$2:$E$37) -> 20 | H15: 보디빌더 | I15: =VLOOKUP(H15,Sheet2!$M:$S,7,0) -> 31.506356 | J15: =RANK(I15,$I$2:$I$68) -> 14
D16: 경영 | E16: =VLOOKUP(D16,Sheet2!$A$2:$H$109,8,0) -> 40.724638 | F16: =RANK(E16,$E$2:$E$37) -> 10 | H16: 교수-행정학과 | I16: =VLOOKUP(H16,Sheet2!$M:$S,7,0) -> 31.209524 | J16: =RANK(I16,$I$2:$I$68) -> 15
D17: 노가다 기술 | E17: =VLOOKUP(D17,Sheet2!$A$2:$H$109,8,0) -> -30.625 | F17: =RANK(E17,$E$2:$E$37) -> 36 | H17: 연구자-소방안전학과 | I17: =VLOOKUP(H17,Sheet2!$M:$S,7,0) -> 30.754348 | J17: =RANK(I17,$I$2:$I$68) -> 16
D18: 정치 | E18: =VLOOKUP(D18,Sheet2!$A$2:$H$109,8,0) -> 36.338028 | F18: =RANK(E18,$E$2:$E$37) -> 13 | H18: 교수-조리학과 | I18: =VLOOKUP(H18,Sheet2!$M:$S,7,0) -> 29.638095 | J18: =RANK(I18,$I$2:$I$68) -> 17
D19: 공공력 | E19: =VLOOKUP(D19,Sheet2!$A$2:$H$109,8,0) -> 39.333333 | F19: =RANK(E19,$E$2:$E$37) -> 11 | H19: 육상 선수 | I19: =VLOOKUP(H19,Sheet2!$M:$S,7,0) -> 29.372087 | J19: =RANK(I19,$I$2:$I$68) -> 18
D20: 격투 | E20: =VLOOKUP(D20,Sheet2!$A$2:$H$109,8,0) -> 47.291139 | F20: =RANK(E20,$E$2:$E$37) -> 4 | H20: 교수-정치외교학과 | I20: =VLOOKUP(H20,Sheet2!$M:$S,7,0) -> 29.07002 | J20: =RANK(I20,$I$2:$I$68) -> 19
D21: 외국어 | E21: =VLOOKUP(D21,Sheet2!$A$2:$H$109,8,0) -> 45.04 | F21: =RANK(E21,$E$2:$E$37) -> 7 | H21: 교수-경찰학과 | I21: =VLOOKUP(H21,Sheet2!$M:$S,7,0) -> 29.001732 | J21: =RANK(I21,$I$2:$I$68) -> 20
D22: 근력 | E22: =VLOOKUP(D22,Sheet2!$A$2:$H$109,8,0) -> 32 | F22: =RANK(E22,$E$2:$E$37) -> 16 | H22: 연구자-방송연예학과 | I22: =VLOOKUP(H22,Sheet2!$M:$S,7,0) -> 26.998387 | J22: =RANK(I22,$I$2:$I$68) -> 21
D23: 필력 | E23: =VLOOKUP(D23,Sheet2!$A$2:$H$109,8,0) -> 24.492308 | F23: =RANK(E23,$E$2:$E$37) -> 19 | H23: 교수-군사학과 | I23: =VLOOKUP(H23,Sheet2!$M:$S,7,0) -> 26.526984 | J23: =RANK(I23,$I$2:$I$68) -> 22
D24: 수리 능력 | E24: =VLOOKUP(D24,Sheet2!$A$2:$H$109,8,0) -> -18.535714 | F24: =RANK(E24,$E$2:$E$37) -> 29 | H24: 정치인 | I24: =VLOOKUP(H24,Sheet2!$M:$S,7,0) -> 26.357713 | J24: =RANK(I24,$I$2:$I$68) -> 23
D25: 의학 | E25: =VLOOKUP(D25,Sheet2!$A$2:$H$109,8,0) -> -24.333333 | F25: =RANK(E25,$E$2:$E$37) -> 34 | H25: 연구자-경영학과 | I25: =VLOOKUP(H25,Sheet2!$M:$S,7,0) -> 25.812319 | J25: =RANK(I25,$I$2:$I$68) -> 24
D26: 컴퓨터과학 | E26: =VLOOKUP(D26,Sheet2!$A$2:$H$109,8,0) -> -19.54717 | F26: =RANK(E26,$E$2:$E$37) -> 31 | H26: 교수-체육대학 | I26: =VLOOKUP(H26,Sheet2!$M:$S,7,0) -> 25.632446 | J26: =RANK(I26,$I$2:$I$68) -> 25
D27: 금융 | E27: =VLOOKUP(D27,Sheet2!$A$2:$H$109,8,0) -> -22.372549 | F27: =RANK(E27,$E$2:$E$37) -> 33 | H27: 연구자-행정학과 | I27: =VLOOKUP(H27,Sheet2!$M:$S,7,0) -> 25.116667 | J27: =RANK(I27,$I$2:$I$68) -> 26
... D37: 체력 | E37: =VLOOKUP(D37,Sheet2!$A$2:$H$109,8,0) -> 45.125 | F37: =RANK(E37,$E$2:$E$37) -> 6 | H37: 교수-외교학과 | I37: =VLOOKUP(H37,Sheet2!$M:$S,7,0) -> 19.131898 | J37: =RANK(I37,$I$2:$I$68) -> 36
H38: 연구자-국어국문학과 | I38: =VLOOKUP(H38,Sheet2!$M:$S,7,0) -> 17.696154 | J38: =RANK(I38,$I$2:$I$68) -> 37
H39: 연구자-외교학과 | I39: =VLOOKUP(H39,Sheet2!$M:$S,7,0) -> 16.662329 | J39: =RANK(I39,$I$2:$I$68) -> 38
H40: 배우 | I40: =VLOOKUP(H40,Sheet2!$M:$S,7,0) -> 15.7699 | J40: =RANK(I40,$I$2:$I$68) -> 39
H41: 생산직 | I41: =VLOOKUP(H41,Sheet2!$M:$S,7,0) -> 14.954741 | J41: =RANK(I41,$I$2:$I$68) -> 40
H42: 기술자 | I42: =VLOOKUP(H42,Sheet2!$M:$S,7,0) -> 14.954741 | J42: =RANK(I42,$I$2:$I$68) -> 40
H43: 교수-산업공학과 | I43: =VLOOKUP(H43,Sheet2!$M:$S,7,0) -> 13.138916 | J43: =RANK(I43,$I$2:$I$68) -> 42
H44: 연구자-산업공학과 | I44: =VLOOKUP(H44,Sheet2!$M:$S,7,0) -> 12.467241 | J44: =RANK(I44,$I$2:$I$68) -> 43
H45: 작가 | I45: =VLOOKUP(H45,Sheet2!$M:$S,7,0) -> 11.155245 | J45: =RANK(I45,$I$2:$I$68) -> 44
H46: 가수 | I46: =VLOOKUP(H46,Sheet2!$M:$S,7,0) -> 10.824167 | J46: =RANK(I46,$I$2:$I$68) -> 45
H47: 직장인 | I47: =VLOOKUP(H47,Sheet2!$M:$S,7,0) -> 10.664276 | J47: =RANK(I47,$I$2:$I$68) -> 46
H48: 검사 | I48: =VLOOKUP(H48,Sheet2!$M:$S,7,0) -> 8.6435084 | J48: =RANK(I48,$I$2:$I$68) -> 47
H49: 연구자-디자인학과 | I49: =VLOOKUP(H49,Sheet2!$M:$S,7,0) -> 3.2909091 | J49: =RANK(I49,$I$2:$I$68) -> 48
... H68: 금융투자가 | I68: =VLOOKUP(H68,Sheet2!$M:$S,7,0) -> -20.826275 | J68: =RANK(I68,$I$2:$I$68) -> 67

Sheet Sheet2
B1: 1 | C1: 2 | D1: 3 | E1: 4 | F1: 5 | G1: 6 | H1: 재능 | N1: 1 | O1: 2 | P1: 3 | Q1: 4 | R1: 5 | S1: 재능
A2: 법 | B2: 동기부여 | C2: 집중력 | D2: 기억력 | E2: 논리력 | H2: =SUMPRODUCT(B3:G3,B4:G4)/SUM(B3:G3) -> -16.666667 | J2: 동기부여 | K2: =COUNTIF(B:G,J2) -> 21 | M2: 일용직노동자 | N2: 체력 | O2: 근력 | P2: 노가다 기술 | Q2: 참을성 | S2: =SUMPRODUCT(N3:R3,N4:R4)/SUM(N3:R3) -> -1.703125
B3: 0.9 | C3: 0.7 | D3: 0.8 | E3: 0.9 | J3: 창의력 | K3: =COUNTIF(B:G,J3) -> 11 | N3: 0.25 | O3: 0.25 | P3: 1 | Q3: 0.5
B4: =IFERROR(VLOOKUP(B2,Sheet1!$A$1:$B$15,2,0),"") -> -10 | C4: =IFERROR(VLOOKUP(C2,Sheet1!$A$1:$B$15,2,0),"") -> -73 | D4: =IFERROR(VLOOKUP(D2,Sheet1!$A$1:$B$15,2,0),"") -> -24 | E4: =IFERROR(VLOOKUP(E2,Sheet1!$A$1:$B$15,2,0),"") -> 27 | F4: =IFERROR(VLOOKUP(F2,Sheet1!$A$1:$B$15,2,0),"") | G4: =IFERROR(VLOOKUP(G2,Sheet1!$A$1:$B$15,2,0),"") | J4: 집중력 | K4: =COUNTIF(B:G,J4) -> 18 | N4: =IFERROR(VLOOKUP(N2,$A$2:$H$109,8,0),"") -> 45.125 | O4: =IFERROR(VLOOKUP(O2,$A$2:$H$109,8,0),"") -> 32 | P4: =IFERROR(VLOOKUP(P2,$A$2:$H$109,8,0),"") -> -30.625 | Q4: =IFERROR(VLOOKUP(Q2,$A$2:$H$109,8,0),"") -> 15.875 | R4: =IFERROR(VLOOKUP(R2,$A$2:$H$109,8,0),"")
A5: 미술 | B5: 동기부여 | C5: 창의력 | D5: 집중력 | E5: 기억력 | H5: =SUMPRODUCT(B6:G6,B7:G7)/SUM(B6:G6) -> -22.185185 | J5: 체격 | K5: =COUNTIF(B:G,J5) -> 6 | M5: 생산직 | N5: 일하는 기술 | O5: 참을성 | S5: =SUMPRODUCT(N6:R6,N7:R7)/SUM(N6:R6) -> 14.954741
B6: 0.8 | C6: 1 | D6: 0.7 | E6: 0.2 | J6: 얼굴 | K6: =COUNTIF(B:G,J6) -> 2 | N6: 1 | O6: 1
B7: =IFERROR(VLOOKUP(B5,Sheet1!$A$1:$B$15,2,0),"") -> -10 | C7: =IFERROR(VLOOKUP(C5,Sheet1!$A$1:$B$15,2,0),"") -> 4 | D7: =IFERROR(VLOOKUP(D5,Sheet1!$A$1:$B$15,2,0),"") -> -73 | E7: =IFERROR(VLOOKUP(E5,Sheet1!$A$1:$B$15,2,0),"") -> -24 | F7: =IFERROR(VLOOKUP(F5,Sheet1!$A$1:$B$15,2,0),"") | G7: =IFERROR(VLOOKUP(G5,Sheet1!$A$1:$B$15,2,0),"") | J7: 기억력 | K7: =COUNTIF(B:G,J7) -> 15 | N7: =IFERROR(VLOOKUP(N5,$A$2:$H$109,8,0),"") -> 14.034483 | O7: =IFERROR(VLOOKUP(O5,$A$2:$H$109,8,0),"") -> 15.875 | P7: =IFERROR(VLOOKUP(P5,$A$2:$H$109,8,0),"") | Q7: =IFERROR(VLOOKUP(Q5,$A$2:$H$109,8,0),"") | R7: =IFERROR(VLOOKUP(R5,$A$2:$H$109,8,0),"")
A8: 예술 | B8: 동기부여 | C8: 창의력 | D8: 집중력 | H8: =SUMPRODUCT(B9:G9,B10:G10)/SUM(B9:G9) -> -17.608696 | J8: 언어 능력 | K8: =COUNTIF(B:G,J8) -> 10 | M8: 기술자 | N8: 일하는 기술 | O8: 참을성 | S8: =SUMPRODUCT(N9:R9,N10:R10)/SUM(N9:R9) -> 14.954741
B9: 0.8 | C9: 1 | D9: 0.5 | J9: 논리력 | K9: =COUNTIF(B:G,J9) -> 13 | N9: 1 | O9: 1
B10: =IFERROR(VLOOKUP(B8,Sheet1!$A$1:$B$15,2,0),"") -> -10 | C10: =IFERROR(VLOOKUP(C8,Sheet1!$A$1:$B$15,2,0),"") -> 4 | D10: =IFERROR(VLOOKUP(D8,Sheet1!$A$1:$B$15,2,0),"") -> -73 | E10: =IFERROR(VLOOKUP(E8,Sheet1!$A$1:$B$15,2,0),"") | F10: =IFERROR(VLOOKUP(F8,Sheet1!$A$1:$B$15,2,0),"") | G10: =IFERROR(VLOOKUP(G8,Sheet1!$A$1:$B$15,2,0),"") | J10: 사교성 | K10: =COUNTIF(B:G,J10) -> 10 | N10: =IFERROR(VLOOKUP(N8,$A$2:$H$109,8,0),"") -> 14.034483 | O10: =IFERROR(VLOOKUP(O8,$A$2:$H$109,8,0),"") -> 15.875 | P10: =IFERROR(VLOOKUP(P8,$A$2:$H$109,8,0),"") | Q10: =IFERROR(VLOOKUP(Q8,$A$2:$H$109,8,0),"") | R10: =IFERROR(VLOOKUP(R8,$A$2:$H$109,8,0),"")
A11: 요리실력 | B11: 동기부여 | C11: 창의력 | D11: 건강 | E11: 지구력 | H11: =SUMPRODUCT(B12:G12,B13:G13)/SUM(B12:G12) -> 37.133333 | J11: 리더십 | K11: =COUNTIF(B:G,J11) -> 5 | M11: 농부 | N11: 농사기술 | O11: 참을성 | S11: =SUMPRODUCT(N12:R12,N13:R13)/SUM(N12:R12) -> 37.420259
B12: 0.8 | C12: 0.5 | D12: 0.9 | E12: 0.8 | J12: 회복력 | K12: =COUNTIF(B:G,J12) -> 4 | N12: 1 | O12: 1
B13: =IFERROR(VLOOKUP(B11,Sheet1!$A$1:$B$15,2,0),"") -> -10 | C13: =IFERROR(VLOOKUP(C11,Sheet1!$A$1:$B$15,2,0),"") -> 4 | D13: =IFERROR(VLOOKUP(D11,Sheet1!$A$1:$B$15,2,0),"") -> 166 | E13: =IFERROR(VLOOKUP(E11,Sheet1!$A$1:$B$15,2,0),"") -> -40 | F13: =IFERROR(VLOOKUP(F11,Sheet1!$A$1:$B$15,2,0),"") | G13: =IFERROR(VLOOKUP(G11,Sheet1!$A$1:$B$15,2,0),"") | J13: 건강 | K13: =COUNTIF(B:G,J13) -> 10 | N13: =IFERROR(VLOOKUP(N11,$A$2:$H$109,8,0),"") -> 58.965517 | O13: =IFERROR(VLOOKUP(O11,$A$2:$H$109,8,0),"") -> 15.875 | P13: =IFERROR(VLOOKUP(P11,$A$2:$H$109,8,0),"") | Q13: =IFERROR(VLOOKUP(Q11,$A$2:$H$109,8,0),"") | R13: =IFERROR(VLOOKUP(R11,$A$2:$H$109,8,0),"")
A14: 경찰지식 | B14: 동기부여 | C14: 체격 | D14: 사교성 | E14: 건강 | F14: 지구력 | H14: =SUMPRODUCT(B15:G15,B16:G16)/SUM(B15:G15) -> 36.242424 | J14: 정신력 | K14: =COUNTIF(B:G,J14) -> 6 | M14: 직장인 | N14: 사무 능력 | O14: 외국어 | P14: 사교성 | Q14: 참을성 | S14: =SUMPRODUCT(N15:R15,N16:R16)/SUM(N15:R15) -> 10.664276
B15: 0.8 | C15: 0.4 | D15: 0.7 | E15: 0.8 | F15: 0.6 | J15: 지구력 | K15: =COUNTIF(B:G,J15) -> 12 | N15: 1 | O15: 0.2 | P15: 0.5 | Q15: 0.7
B16: =IFERROR(VLOOKUP(B14,Sheet1!$A$1:$B$15,2,0),"") -> -10 | C16: =IFERROR(VLOOKUP(C14,Sheet1!$A$1:$B$15,2,0),"") -> 26 | D16: =IFERROR(VLOOKUP(D14,Sheet1!$A$1:$B$15,2,0),"") -> 12 | E16: =IFERROR(VLOOKUP(E14,Sheet1!$A$1:$B$15,2,0),"") -> 166 | F16: =IFERROR(VLOOKUP(F14,Sheet1!$A$1:$B$15,2,0),"") -> -40 | G16: =IFERROR(VLOOKUP(G14,Sheet1!$A$1:$B$15,2,0),"") | N16: =IFERROR(VLOOKUP(N14,$A$2:$H$109,8,0),"") -> -24.482759 | O16: =IFERROR(VLOOKUP(O14,$A$2:$H$109,8,0),"") -> 45.04 | P16: =IFERROR(VLOOKUP(P14,$A$2:$H$109,8,0),"") -> 59.913043 | Q16: =IFERROR(VLOOKUP(Q14,$A$2:$H$109,8,0),"") -> 15.875 | R16: =IFERROR(VLOOKUP(R14,$A$2:$H$109,8,0),"")
A17: 음악 | B17: 동기부여 | C17: 창의력 | D17: 사교성 | E17: 정신력 | H17: =SUMPRODUCT(B18:G18,B19:G19)/SUM(B18:G18) -> -0.71428571 | M17: 보디빌더 | N17: 근력 | O17: 체력 | P17: 참을성 | Q17: 운동 능력 | S17: =SUMPRODUCT(N18:R18,N19:R19)/SUM(N18:R18) -> 31.506356
B18: 0.8 | C18: 1 | D18: 0.6 | E18: 0.4 | N18: 1 | O18: 0.25 | P18: 0.25 | Q18: 0.5
B19: =IFERROR(VLOOKUP(B17,Sheet1!$A$1:$B$15,2,0),"") -> -10 | C19: =IFERROR(VLOOKUP(C17,Sheet1!$A$1:$B$15,2,0),"") -> 4 | D19: =IFERROR(VLOOKUP(D17,Sheet1!$A$1:$B$15,2,0),"") -> 12 | E19: =IFERROR(VLOOKUP(E17,Sheet1!$A$1:$B$15,2,0),"") -> -13 | F19: =IFERROR(VLOOKUP(F17,Sheet1!$A$1:$B$15,2,0),"") | G19: =IFERROR(VLOOKUP(G17,Sheet1!$A$1:$B$15,2,0),"") | N19: =IFERROR(VLOOKUP(N17,$A$2:$H$109,8,0),"") -> 32 | O19: =IFERROR(VLOOKUP(O17,$A$2:$H$109,8,0),"") -> 45.125 | P19: =IFERROR(VLOOKUP(P17,$A$2:$H$109,8,0),"") -> 15.875 | Q19: =IFERROR(VLOOKUP(Q17,$A$2:$H$109,8,0),"") -> 31.525424 | R19: =IFERROR(VLOOKUP(R17,$A$2:$H$109,8,0),"")
A20: 창의력 | B20: 동기부여 | C20: 창의력 | D20: 기억력 | E20: 논리력 | H20: =SUMPRODUCT(B21:G21,B22:G22)/SUM(B21:G21) -> -2.1818182 | M20: 쉐프 | N20: 요리실력 | O20: 사교성 | P20: 참을성 | S20: =SUMPRODUCT(N21:R21,N22:R22)/SUM(N21:R21) -> 37.577068
B21: 0.7 | C21: 1 | D21: 0.3 | E21: 0.2 | N21: 1 | O21: 0.7 | P21: 0.7
B22: =IFERROR(VLOOKUP(B20,Sheet1!$A$1:$B$15,2,0),"") -> -10 | C22: =IFERROR(VLOOKUP(C20,Sheet1!$A$1:$B$15,2,0),"") -> 4 | D22: =IFERROR(VLOOKUP(D20,Sheet1!$A$1:$B$15,2,0),"") -> -24 | E22: =IFERROR(VLOOKUP(E20,Sheet1!$A$1:$B$15,2,0),"") -> 27 | F22: =IFERROR(VLOOKUP(F20,Sheet1!$A$1:$B$15,2,0),"") | G22: =IFERROR(VLOOKUP(G20,Sheet1!$A$1:$B$15,2,0),"") | N22: =IFERROR(VLOOKUP(N20,$A$2:$H$109,8,0),"") -> 37.133333 | O22: =IFERROR(VLOOKUP(O20,$A$2:$H$109,8,0),"") -> 59.913043 | P22: =IFERROR(VLOOKUP(P20,$A$2:$H$109,8,0),"") -> 15.875 | Q22: =IFERROR(VLOOKUP(Q20,$A$2:$H$109,8,0),"") | R22: =IFERROR(VLOOKUP(R20,$A$2:$H$109,8,0),"")
A23: 디자인 | B23: 동기부여 | C23: 창의력 | D23: 정신력 | H23: =SUMPRODUCT(B24:G24,B25:G25)/SUM(B24:G24) -> -4.3181818 | M23: 소방관 | N23: 소방지식 | O23: 체력 | P23: 운동 능력 | S23: =SUMPRODUCT(N24:R24,N25:R25)/SUM(N24:R24) -> 47.099129
B24: 0.7 | C24: 1 | D24: 0.5 | N24: 1 | O24: 0.2 | P24: 0.2
B25: =IFERROR(VLOOKUP(B23,Sheet1!$A$1:$B$15,2,0),"") -> -10 | C25: =IFERROR(VLOOKUP(C23,Sheet1!$A$1:$B$15,2,0),"") -> 4 | D25: =IFERROR(VLOOKUP(D23,Sheet1!$A$1:$B$15,2,0),"") -> -13 | E25: =IFERROR(VLOOKUP(E23,Sheet1!$A$1:$B$15,2,0),"") | F25: =IFERROR(VLOOKUP(F23,Sheet1!$A$1:$B$15,2,0),"") | G25: =IFERROR(VLOOKUP(G23,Sheet1!$A$1:$B$15,2,0),"") | N25: =IFERROR(VLOOKUP(N23,$A$2:$H$109,8,0),"") -> 50.608696 | O25: =IFERROR(VLOOKUP(O23,$A$2:$H$109,8,0),"") -> 45.125 | P25: =IFERROR(VLOOKUP(P23,$A$2:$H$109,8,0),"") -> 31.525424 | Q25: =IFERROR(VLOOKUP(Q23,$A$2:$H$109,8,0),"") | R25: =IFERROR(VLOOKUP(R23,$A$2:$H$109,8,0),"")
A26: 군사지식 | B26: 동기부여 | C26: 집중력 | D26: 건강 | E26: 지구력 | H26: =SUMPRODUCT(B27:G27,B28:G28)/SUM(B27:G27) -> 32.777778 | M26: 경찰 | N26: 경찰지식 | O26: 체력 | P26: 운동 능력 | S26: =SUMPRODUCT(N27:R27,N28:R28)/SUM(N27:R27) -> 36.837506
B27: 0.7 | C27: 0.3 | D27: 0.9 | E27: 0.8 | N27: 1 | O27: 0.2 | P27: 0.2
B28: =IFERROR(VLOOKUP(B26,Sheet1!$A$1:$B$15,2,0),"") -> -10 | C28: =IFERROR(VLOOKUP(C26,Sheet1!$A$1:$B$15,2,0),"") -> -73 | D28: =IFERROR(VLOOKUP(D26,Sheet1!$A$1:$B$15,2,0),"") -> 166 | E28: =IFERROR(VLOOKUP(E26,Sheet1!$A$1:$B$15,2,0),"") -> -40 | F28: =IFERROR(VLOOKUP(F26,Sheet1!$A$1:$B$15,2,0),"") | G28: =IFERROR(VLOOKUP(G26,Sheet1!$A$1:$B$15,2,0),"") | N28: =IFERROR(VLOOKUP(N26,$A$2:$H$109,8,0),"") -> 36.242424 | O28: =IFERROR(VLOOKUP(O26,$A$2:$H$109,8,0),"") -> 45.125 | P28: =IFERROR(VLOOKUP(P26,$A$2:$H$109,8,0),"") -> 31.525424 | Q28: =IFERROR(VLOOKUP(Q26,$A$2:$H$109,8,0),"") | R28: =IFERROR(VLOOKUP(R26,$A$2:$H$109,8,0),"")
A29: 연기력 | B29: 동기부여 | C29: 얼굴 | D29: 사교성 | E29: 리더십 | H29: =SUMPRODUCT(B30:G30,B31:G31)/SUM(B30:G30) -> 27.076923 | M29: 군인 | N29: 군사지식 | O29: 체력 | P29: 운동 능력 | Q29: 리더십 | S29: =SUMPRODUCT(N30:R30,N31:R31)/SUM(N30:R30) -> 37.828399
B30: 0.6 | C30: 0.3 | D30: 1 | E30: 0.7 | N30: 1 | O30: 0.2 | P30: 0.2 | Q30: 0.6
B31: =IFERROR(VLOOKUP(B29,Sheet1!$A$1:$B$15,2,0),"") -> -10 | C31: =IFERROR(VLOOKUP(C29,Sheet1!$A$1:$B$15,2,0),"") -> 154 | D31: =IFERROR(VLOOKUP(D29,Sheet1!$A$1:$B$15,2,0),"") -> 12 | E31: =IFERROR(VLOOKUP(E29,Sheet1!$A$1:$B$15,2,0),"") -> 26 | F31: =IFERROR(VLOOKUP(F29,Sheet1!$A$1:$B$15,2,0),"") | G31: =IFERROR(VLOOKUP(G29,Sheet1!$A$1:$B$15,2,0),"") | N31: =IFERROR(VLOOKUP(N29,$A$2:$H$109,8,0),"") -> 32.777778 | O31: =IFERROR(VLOOKUP(O29,$A$2:$H$109,8,0),"") -> 45.125 | P31: =IFERROR(VLOOKUP(P29,$A$2:$H$109,8,0),"") -> 31.525424 | Q31: =IFERROR(VLOOKUP(Q29,$A$2:$H$109,8,0),"") -> 45.914894 | R31: =IFERROR(VLOOKUP(R29,$A$2:$H$109,8,0),"")
A32: 예능감각 | B32: 동기부여 | C32: 창의력 | D32: 언어 능력 | E32: 사교성 | H32: =SUMPRODUCT(B33:G33,B34:G34)/SUM(B33:G33) -> 43.096774 | M32: 개발자 | N32: 컴퓨터과학 | O32: 논리적 사고 | P32: 수리 능력 | S32: =SUMPRODUCT(N33:R33,N34:R34)/SUM(N33:R33) -> -19.393377
B33: 0.6 | C33: 0.7 | D33: 0.8 | E33: 1 | N33: 1 | O33: 0.6 | P33: 0.1
B34: =IFERROR(VLOOKUP(B32,Sheet1!$A$1:$B$15,2,0),"") -> -10 | C34: =IFERROR(VLOOKUP(C32,Sheet1!$A$1:$B$15,2,0),"") -> 4 | D34: =IFERROR(VLOOKUP(D32,Sheet1!$A$1:$B$15,2,0),"") -> 156 | E34: =IFERROR(VLOOKUP(E32,Sheet1!$A$1:$B$15,2,0),"") -> 12 | F34: =IFERROR(VLOOKUP(F32,Sheet1!$A$1:$B$15,2,0),"") | G34: =IFERROR(VLOOKUP(G32,Sheet1!$A$1:$B$15,2,0),"") | N34: =IFERROR(VLOOKUP(N32,$A$2:$H$109,8,0),"") -> -19.54717 | O34: =IFERROR(VLOOKUP(O32,$A$2:$H$109,8,0),"") -> -19.28 | P34: =IFERROR(VLOOKUP(P32,$A$2:$H$109,8,0),"") -> -18.535714 | Q34: =IFERROR(VLOOKUP(Q32,$A$2:$H$109,8,0),"") | R34: =IFERROR(VLOOKUP(R32,$A$2:$H$109,8,0),"")
A35: 일하는 기술 | B35: 동기부여 | C35: 집중력 | D35: 건강 | E35: 지구력 | H35: =SUMPRODUCT(B36:G36,B37:G37)/SUM(B36:G36) -> 14.034483 | M35: 격투기 선수 | N35: 격투 | O35: 참을성 | P35: 체력 | Q35: 근력 | S35: =SUMPRODUCT(N36:R36,N37:R37)/SUM(N36:R36) -> 40.911195
B36: 0.5 | C36: 0.7 | D36: 0.8 | E36: 0.9 | N36: 1 | O36: 0.25 | P36: 0.5 | Q36: 0.25
B37: =IFERROR(VLOOKUP(B35,Sheet1!$A$1:$B$15,2,0),"") -> -10 | C37: =IFERROR(VLOOKUP(C35,Sheet1!$A$1:$B$15,2,0),"") -> -73 | D37: =IFERROR(VLOOKUP(D35,Sheet1!$A$1:$B$15,2,0),"") -> 166 | E37: =IFERROR(VLOOKUP(E35,Sheet1!$A$1:$B$15,2,0),"") -> -40 | F37: =IFERROR(VLOOKUP(F35,Sheet1!$A$1:$B$15,2,0),"") | G37: =IFERROR(VLOOKUP(G35,Sheet1!$A$1:$B$15,2,0),"") | N37: =IFERROR(VLOOKUP(N35,$A$2:$H$109,8,0),"") -> 47.291139 | O37: =IFERROR(VLOOKUP(O35,$A$2:$H$109,8,0),"") -> 15.875 | P37: =IFERROR(VLOOKUP(P35,$A$2:$H$109,8,0),"") -> 45.125 | Q37: =IFERROR(VLOOKUP(Q35,$A$2:$H$109,8,0),"") -> 32 | R37: =IFERROR(VLOOKUP(R35,$A$2:$H$109,8,0),"")
A38: 사무 능력 | B38: 동기부여 | C38: 집중력 | D38: 기억력 | E38: 논리력 | H38: =SUMPRODUCT(B39:G39,B40:G40)/SUM(B39:G39) -> -24.482759 | M38: 육상 선수 | N38: 운동 능력 | O38: 체력 | P38: 참을성 | Q38: 근력 | S38: =SUMPRODUCT(N39:R39,N40:R40)/SUM(N39:R39) -> 29.372087
B39: 0.5 | C39: 0.9 | D39: 0.8 | E39: 0.7 | N39: 1 | O39: 0.25 | P39: 0.5 | Q39: 0.25
B40: =IFERROR(VLOOKUP(B38,Sheet1!$A$1:$B$15,2,0),"") -> -10 | C40: =IFERROR(VLOOKUP(C38,Sheet1!$A$1:$B$15,2,0),"") -> -73 | D40: =IFERROR(VLOOKUP(D38,Sheet1!$A$1:$B$15,2,0),"") -> -24 | E40: =IFERROR(VLOOKUP(E38,Sheet1!$A$1:$B$15,2,0),"") -> 27 | F40: =IFERROR(VLOOKUP(F38,Sheet1!$A$1:$B$15,2,0),"") | G40: =IFERROR(VLOOKUP(G38,Sheet1!$A$1:$B$15,2,0),"") | N40: =IFERROR(VLOOKUP(N38,$A$2:$H$109,8,0),"") -> 31.525424 | O40: =IFERROR(VLOOKUP(O38,$A$2:$H$109,8,0),"") -> 45.125 | P40: =IFERROR(VLOOKUP(P38,$A$2:$H$109,8,0),"") -> 15.875 | Q40: =IFERROR(VLOOKUP(Q38,$A$2:$H$109,8,0),"") -> 32 | R40: =IFERROR(VLOOKUP(R38,$A$2:$H$109,8,0),"")
A41: 고급 외국어 | B41: 동기부여 | C41: 집중력 | D41: 기억력 | E41: 언어 능력 | F41: 논리력 | H41: =SUMPRODUCT(B42:G42,B43:G43)/SUM(B42:G42) -> 22.424658 | M41: 공무원-9급 | N41: 공공력 | O41: 사교성 | P41: 법 | S41: =SUMPRODUCT(N42:R42,N43:R43)/SUM(N42:R42) -> 37.213251
B42: 0.4 | C42: 0.85 | D42: 0.9 | E42: 1 | F42: 0.5 | M42: 공무원-9급 | N42: 1 | O42: 0.5 | P42: 0.25
B43: =IFERROR(VLOOKUP(B41,Sheet1!$A$1:$B$15,2,0),"") -> -10 | C43: =IFERROR(VLOOKUP(C41,Sheet1!$A$1:$B$15,2,0),"") -> -73 | D43: =IFERROR(VLOOKUP(D41,Sheet1!$A$1:$B$15,2,0),"") -> -24 | E43: =IFERROR(VLOOKUP(E41,Sheet1!$A$1:$B$15,2,0),"") -> 156 | F43: =IFERROR(VLOOKUP(F41,Sheet1!$A$1:$B$15,2,0),"") -> 27 | G43: =IFERROR(VLOOKUP(G41,Sheet1!$A$1:$B$15,2,0),"") | M43: 공무원-9급 | N43: =IFERROR(VLOOKUP(N41,$A$2:$H$109,8,0),"") -> 39.333333 | O43: =IFERROR(VLOOKUP(O41,$A$2:$H$109,8,0),"") -> 59.913043 | P43: =IFERROR(VLOOKUP(P41,$A$2:$H$109,8,0),"") -> -16.666667 | Q43: =IFERROR(VLOOKUP(Q41,$A$2:$H$109,8,0),"") | R43: =IFERROR(VLOOKUP(R41,$A$2:$H$109,8,0),"")
A44: 경영 | B44: 동기부여 | C44: 창의력 | D44: 언어 능력 | E44: 사교성 | F44: 리더십 | H44: =SUMPRODUCT(B45:G45,B46:G46)/SUM(B45:G45) -> 40.724638 | M44: 공무원-7급 | N44: 공공력 | O44: 법 | P44: 리더십 | Q44: 사교성 | S44: =SUMPRODUCT(N45:R45,N46:R46)/SUM(N45:R45) -> 38.300956
B45: 0.4 | C45: 0.6 | D45: 0.7 | E45: 0.9 | F45: 0.85 | M45: 공무원-7급 | N45: 1 | O45: 0.25 | P45: 0.25 | Q45: 0.5
B46: =IFERROR(VLOOKUP(B44,Sheet1!$A$1:$B$15,2,0),"") -> -10 | C46: =IFERROR(VLOOKUP(C44,Sheet1!$A$1:$B$15,2,0),"") -> 4 | D46: =IFERROR(VLOOKUP(D44,Sheet1!$A$1:$B$15,2,0),"") -> 156 | E46: =IFERROR(VLOOKUP(E44,Sheet1!$A$1:$B$15,2,0),"") -> 12 | F46: =IFERROR(VLOOKUP(F44,Sheet1!$A$1:$B$15,2,0),"") -> 26 | G46: =IFERROR(VLOOKUP(G44,Sheet1!$A$1:$B$15,2,0),"") | M46: 공무원-7급 | N46: =IFERROR(VLOOKUP(N44,$A$2:$H$109,8,0),"") -> 39.333333 | O46: =IFERROR(VLOOKUP(O44,$A$2:$H$109,8,0),"") -> -16.666667 | P46: =IFERROR(VLOOKUP(P44,$A$2:$H$109,8,0),"") -> 45.914894 | Q46: =IFERROR(VLOOKUP(Q44,$A$2:$H$109,8,0),"") -> 59.913043 | R46: =IFERROR(VLOOKUP(R44,$A$2:$H$109,8,0),"")
A47: 노가다 기술 | B47: 동기부여 | C47: 집중력 | D47: 논리력 | E47: 지구력 | H47: =SUMPRODUCT(B48:G48,B49:G49)/SUM(B48:G48) -> -30.625 | M47: 공무원-5급 | N47: 공공력 | O47: 법 | P47: 정치 | Q47: 리더십 | R47: 사교성 | S47: =SUMPRODUCT(N48:R48,N49:R49)/SUM(N48:R48) -> 38.866057
B48: 0.4 | C48: 0.9 | D48: 0.6 | E48: 0.5 | M48: 공무원-5급 | N48: 1 | O48: 0.25 | P48: 0.25 | Q48: 0.5 | R48: 0.5
B49: =IFERROR(VLOOKUP(B47,Sheet1!$A$1:$B$15,2,0),"") -> -10 | C49: =IFERROR(VLOOKUP(C47,Sheet1!$A$1:$B$15,2,0),"") -> -73 | D49: =IFERROR(VLOOKUP(D47,Sheet1!$A$1:$B$15,2,0),"") -> 27 | E49: =IFERROR(VLOOKUP(E47,Sheet1!$A$1:$B$15,2,0),"") -> -40 | F49: =IFERROR(VLOOKUP(F47,Sheet1!$A$1:$B$15,2,0),"") | G49: =IFERROR(VLOOKUP(G47,Sheet1!$A$1:$B$15,2,0),"") | M49: 공무원-5급 | N49: =IFERROR(VLOOKUP(N47,$A$2:$H$109,8,0),"") -> 39.333333 | O49: =IFERROR(VLOOKUP(O47,$A$2:$H$109,8,0),"") -> -16.666667 | P49: =IFERROR(VLOOKUP(P47,$A$2:$H$109,8,0),"") -> 36.338028 | Q49: =IFERROR(VLOOKUP(Q47,$A$2:$H$109,8,0),"") -> 45.914894 | R49: =IFERROR(VLOOKUP(R47,$A$2:$H$109,8,0),"") -> 59.913043
A50: 정치 | B50: 동기부여 | C50: 언어 능력 | D50: 사교성 | E50: 리더십 | F50: 정신력 | H50: =SUMPRODUCT(B51:G51,B52:G52)/SUM(B51:G51) -> 36.338028 | M50: 금융투자가 | N50: 금융 | O50: 논리적 사고 | S50: =SUMPRODUCT(N51:R51,N52:R52)/SUM(N51:R51) -> -20.826275
B51: 0.4 | C51: 0.7 | D51: 0.9 | E51: 0.85 | F51: 0.7 | N51: 1 | O51: 1
B52: =IFERROR(VLOOKUP(B50,Sheet1!$A$1:$B$15,2,0),"") -> -10 | C52: =IFERROR(VLOOKUP(C50,Sheet1!$A$1:$B$15,2,0),"") -> 156 | D52: =IFERROR(VLOOKUP(D50,Sheet1!$A$1:$B$15,2,0),"") -> 12 | E52: =IFERROR(VLOOKUP(E50,Sheet1!$A$1:$B$15,2,0),"") -> 26 | F52: =IFERROR(VLOOKUP(F50,Sheet1!$A$1:$B$15,2,0),"") -> -13 | G52: =IFERROR(VLOOKUP(G50,Sheet1!$A$1:$B$15,2,0),"") | N52: =IFERROR(VLOOKUP(N50,$A$2:$H$109,8,0),"") -> -22.372549 | O52: =IFERROR(VLOOKUP(O50,$A$2:$H$109,8,0),"") -> -19.28 | P52: =IFERROR(VLOOKUP(P50,$A$2:$H$109,8,0),"") | Q52: =IFERROR(VLOOKUP(Q50,$A$2:$H$109,8,0),"") | R52: =IFERROR(VLOOKUP(R50,$A$2:$H$109,8,0),"")
A53: 공공력 | B53: 동기부여 | C53: 기억력 | D53: 언어 능력 | E53: 논리력 | H53: =SUMPRODUCT(B54:G54,B55:G55)/SUM(B54:G54) -> 39.333333 | M53: 화가 | N53: 미술 | O53: 창의력 | S53: =SUMPRODUCT(N54:R54,N55:R55)/SUM(N54:R54) -> -12.183502
B54: 0.4 | C54: 0.9 | D54: 0.7 | E54: 0.4 | N54: 1 | O54: 1
B55: =IFERROR(VLOOKUP(B53,Sheet1!$A$1:$B$15,2,0),"") -> -10 | C55: =IFERROR(VLOOKUP(C53,Sheet1!$A$1:$B$15,2,0),"") -> -24 | D55: =IFERROR(VLOOKUP(D53,Sheet1!$A$1:$B$15,2,0),"") -> 156 | E55: =IFERROR(VLOOKUP(E53,Sheet1!$A$1:$B$15,2,0),"") -> 27 | F55: =IFERROR(VLOOKUP(F53,Sheet1!$A$1:$B$15,2,0),"") | G55: =IFERROR(VLOOKUP(G53,Sheet1!$A$1:$B$15,2,0),"") | N55: =IFERROR(VLOOKUP(N53,$A$2:$H$109,8,0),"") -> -22.185185 | O55: =IFERROR(VLOOKUP(O53,$A$2:$H$109,8,0),"") -> -2.1818182 | P55: =IFERROR(VLOOKUP(P53,$A$2:$H$109,8,0),"") | Q55: =IFERROR(VLOOKUP(Q53,$A$2:$H$109,8,0),"") | R55: =IFERROR(VLOOKUP(R53,$A$2:$H$109,8,0),"")
A56: 격투 | B56: 동기부여 | C56: 집중력 | D56: 체격 | E56: 회복력 | F56: 건강 | G56: 지구력 | H56: =SUMPRODUCT(B57:G57,B58:G58)/SUM(B57:G57) -> 47.291139 | M56: 작가 | N56: 창의력 | O56: 필력 | S56: =SUMPRODUCT(N57:R57,N58:R58)/SUM(N57:R57) -> 11.155245
B57: 0.3 | C57: 0.2 | D57: 0.9 | E57: 0.8 | F57: 0.9 | G57: 0.85 | N57: 1 | O57: 1
B58: =IFERROR(VLOOKUP(B56,Sheet1!$A$1:$B$15,2,0),"") -> -10 | C58: =IFERROR(VLOOKUP(C56,Sheet1!$A$1:$B$15,2,0),"") -> -73 | D58: =IFERROR(VLOOKUP(D56,Sheet1!$A$1:$B$15,2,0),"") -> 26 | E58: =IFERROR(VLOOKUP(E56,Sheet1!$A$1:$B$15,2,0),"") -> 82 | F58: =IFERROR(VLOOKUP(F56,Sheet1!$A$1:$B$15,2,0),"") -> 166 | G58: =IFERROR(VLOOKUP(G56,Sheet1!$A$1:$B$15,2,0),"") -> -40 | N58: =IFERROR(VLOOKUP(N56,$A$2:$H$109,8,0),"") -> -2.1818182 | O58: =IFERROR(VLOOKUP(O56,$A$2:$H$109,8,0),"") -> 24.492308 | P58: =IFERROR(VLOOKUP(P56,$A$2:$H$109,8,0),"") | Q58: =IFERROR(VLOOKUP(Q56,$A$2:$H$109,8,0),"") | R58: =IFERROR(VLOOKUP(R56,$A$2:$H$109,8,0),"")
A59: 외국어 | B59: 동기부여 | C59: 창의력 | D59: 기억력 | E59: 언어 능력 | F59: 사교성 | H59: =SUMPRODUCT(B60:G60,B61:G61)/SUM(B60:G60) -> 45.04 | M59: 연예인 | N59: 예능감각 | O59: 예술 | P59: 사교성 | S59: =SUMPRODUCT(N60:R60,N61:R61)/SUM(N60:R60) -> 22.17784
B60: 0.3 | C60: 0.1 | D60: 0.7 | E60: 0.8 | F60: 0.6 | N60: 1 | O60: 1 | P60: 0.5
B61: =IFERROR(VLOOKUP(B59,Sheet1!$A$1:$B$15,2,0),"") -> -10 | C61: =IFERROR(VLOOKUP(C59,Sheet1!$A$1:$B$15,2,0),"") -> 4 | D61: =IFERROR(VLOOKUP(D59,Sheet1!$A$1:$B$15,2,0),"") -> -24 | E61: =IFERROR(VLOOKUP(E59,Sheet1!$A$1:$B$15,2,0),"") -> 156 | F61: =IFERROR(VLOOKUP(F59,Sheet1!$A$1:$B$15,2,0),"") -> 12 | G61: =IFERROR(VLOOKUP(G59,Sheet1!$A$1:$B$15,2,0),"") | N61: =IFERROR(VLOOKUP(N59,$A$2:$H$109,8,0),"") -> 43.096774 | O61: =IFERROR(VLOOKUP(O59,$A$2:$H$109,8,0),"") -> -17.608696 | P61: =IFERROR(VLOOKUP(P59,$A$2:$H$109,8,0),"") -> 59.913043 | Q61: =IFERROR(VLOOKUP(Q59,$A$2:$H$109,8,0),"") | R61: =IFERROR(VLOOKUP(R59,$A$2:$H$109,8,0),"")
A62: 근력 | B62: 동기부여 | C62: 체격 | D62: 건강 | E62: 지구력 | H62: =SUMPRODUCT(B63:G63,B64:G64)/SUM(B63:G63) -> 32 | M62: 배우 | N62: 연기력 | O62: 예술 | P62: 사교성 | S62: =SUMPRODUCT(N63:R63,N64:R64)/SUM(N63:R63) -> 15.7699
B63: 0.3 | C63: 1 | D63: 0.3 | E63: 0.3 | N63: 1 | O63: 1 | P63: 0.5
B64: =IFERROR(VLOOKUP(B62,Sheet1!$A$1:$B$15,2,0),"") -> -10 | C64: =IFERROR(VLOOKUP(C62,Sheet1!$A$1:$B$15,2,0),"") -> 26 | D64: =IFERROR(VLOOKUP(D62,Sheet1!$A$1:$B$15,2,0),"") -> 166 | E64: =IFERROR(VLOOKUP(E62,Sheet1!$A$1:$B$15,2,0),"") -> -40 | F64: =IFERROR(VLOOKUP(F62,Sheet1!$A$1:$B$15,2,0),"") | G64: =IFERROR(VLOOKUP(G62,Sheet1!$A$1:$B$15,2,0),"") | N64: =IFERROR(VLOOKUP(N62,$A$2:$H$109,8,0),"") -> 27.076923 | O64: =IFERROR(VLOOKUP(O62,$A$2:$H$109,8,0),"") -> -17.608696 | P64: =IFERROR(VLOOKUP(P62,$A$2:$H$109,8,0),"") -> 59.913043 | Q64: =IFERROR(VLOOKUP(Q62,$A$2:$H$109,8,0),"") | R64: =IFERROR(VLOOKUP(R62,$A$2:$H$109,8,0),"")
A65: 필력 | B65: 창의력 | C65: 집중력 | D65: 기억력 | E65: 언어 능력 | H65: =SUMPRODUCT(B66:G66,B67:G67)/SUM(B66:G66) -> 24.492308 | M65: 가수 | N65: 음악 | O65: 창의력 | P65: 사교성 | S65: =SUMPRODUCT(N66:R66,N67:R67)/SUM(N66:R66) -> 10.824167
B66: 0.6 | C66: 0.8 | D66: 0.85 | E66: 1 | N66: 1 | O66: 1 | P66: 0.5
B67: =IFERROR(VLOOKUP(B65,Sheet1!$A$1:$B$15,2,0),"") -> 4 | C67: =IFERROR(VLOOKUP(C65,Sheet1!$A$1:$B$15,2,0),"") -> -73 | D67: =IFERROR(VLOOKUP(D65,Sheet1!$A$1:$B$15,2,0),"") -> -24 | E67: =IFERROR(VLOOKUP(E65,Sheet1!$A$1:$B$15,2,0),"") -> 156 | F67: =IFERROR(VLOOKUP(F65,Sheet1!$A$1:$B$15,2,0),"") | G67: =IFERROR(VLOOKUP(G65,Sheet1!$A$1:$B$15,2,0),"") | N67: =IFERROR(VLOOKUP(N65,$A$2:$H$109,8,0),"") -> -0.71428571 | O67: =IFERROR(VLOOKUP(O65,$A$2:$H$109,8,0),"") -> -2.1818182 | P67: =IFERROR(VLOOKUP(P65,$A$2:$H$109,8,0),"") -> 59.913043 | Q67: =IFERROR(VLOOKUP(Q65,$A$2:$H$109,8,0),"") | R67: =IFERROR(VLOOKUP(R65,$A$2:$H$109,8,0),"")
A68: 수리 능력 | B68: 창의력 | C68: 집중력 | D68: 기억력 | E68: 논리력 | H68: =SUMPRODUCT(B69:G69,B70:G70)/SUM(B69:G69) -> -18.535714 | M68: 경영자 | N68: 경영 | O68: 금융 | P68: 논리적 사고 | Q68: 리더십 | S68: =SUMPRODUCT(N69:R69,N70:R70)/SUM(N69:R69) -> 21.189249
B69: 0.3 | C69: 0.9 | D69: 0.6 | E69: 1 | N69: 1 | O69: 0.5 | P69: 0.25 | Q69: 0.5
B70: =IFERROR(VLOOKUP(B68,Sheet1!$A$1:$B$15,2,0),"") -> 4 | C70: =IFERROR(VLOOKUP(C68,Sheet1!$A$1:$B$15,2,0),"") -> -73 | D70: =IFERROR(VLOOKUP(D68,Sheet1!$A$1:$B$15,2,0),"") -> -24 | E70: =IFERROR(VLOOKUP(E68,Sheet1!$A$1:$B$15,2,0),"") -> 27 | F70: =IFERROR(VLOOKUP(F68,Sheet1!$A$1:$B$15,2,0),"") | G70: =IFERROR(VLOOKUP(G68,Sheet1!$A$1:$B$15,2,0),"") | N70: =IFERROR(VLOOKUP(N68,$A$2:$H$109,8,0),"") -> 40.724638 | O70: =IFERROR(VLOOKUP(O68,$A$2:$H$109,8,0),"") -> -22.372549 | P70: =IFERROR(VLOOKUP(P68,$A$2:$H$109,8,0),"") -> -19.28 | Q70: =IFERROR(VLOOKUP(Q68,$A$2:$H$109,8,0),"") -> 45.914894 | R70: =IFERROR(VLOOKUP(R68,$A$2:$H$109,8,0),"")
A71: 의학 | B71: 집중력 | C71: 기억력 | D71: 논리력 | H71: =SUMPRODUCT(B72:G72,B73:G73)/SUM(B72:G72) -> -24.333333 | M71: 연구자-경영학과 | N71: 경영 | O71: 언어 능력 | P71: 논리적 사고 | S71: =SUMPRODUCT(N72:R72,N73:R73)/SUM(N72:R72) -> 25.812319
B72: 0.85 | C72: 0.9 | D72: 0.8 | N72: 1 | O72: 0.5 | P72: 0.5
B73: =IFERROR(VLOOKUP(B71,Sheet1!$A$1:$B$15,2,0),"") -> -73 | C73: =IFERROR(VLOOKUP(C71,Sheet1!$A$1:$B$15,2,0),"") -> -24 | D73: =IFERROR(VLOOKUP(D71,Sheet1!$A$1:$B$15,2,0),"") -> 27 | E73: =IFERROR(VLOOKUP(E71,Sheet1!$A$1:$B$15,2,0),"") | F73: =IFERROR(VLOOKUP(F71,Sheet1!$A$1:$B$15,2,0),"") | G73: =IFERROR(VLOOKUP(G71,Sheet1!$A$1:$B$15,2,0),"") | N73: =IFERROR(VLOOKUP(N71,$A$2:$H$109,8,0),"") -> 40.724638 | O73: =IFERROR(VLOOKUP(O71,$A$2:$H$109,8,0),"") -> 41.08 | P73: =IFERROR(VLOOKUP(P71,$A$2:$H$109,8,0),"") -> -19.28 | Q73: =IFERROR(VLOOKUP(Q71,$A$2:$H$109,8,0),"") | R73: =IFERROR(VLOOKUP(R71,$A$2:$H$109,8,0),"")
A74: 컴퓨터과학 | B74: 집중력 | C74: 기억력 | D74: 논리력 | H74: =SUMPRODUCT(B75:G75,B76:G76)/SUM(B75:G75) -> -19.54717 | M74: 연구자-사무행정학과 | N74: 사무 능력 | O74: 언어 능력 | P74: 논리적 사고 | S74: =SUMPRODUCT(N75:R75,N76:R76)/SUM(N75:R75) -> -6.7913793
B75: 0.8 | C75: 0.85 | D75: 1 | N75: 1 | O75: 0.5 | P75: 0.5
B76: =IFERROR(VLOOKUP(B74,Sheet1!$A$1:$B$15,2,0),"") -> -73 | C76: =IFERROR(VLOOKUP(C74,Sheet1!$A$1:$B$15,2,0),"") -> -24 | D76: =IFERROR(VLOOKUP(D74,Sheet1!$A$1:$B$15,2,0),"") -> 27 | E76: =IFERROR(VLOOKUP(E74,Sheet1!$A$1:$B$15,2,0),"") | F76: =IFERROR(VLOOKUP(F74,Sheet1!$A$1:$B$15,2,0),"") | G76: =IFERROR(VLOOKUP(G74,Sheet1!$A$1:$B$15,2,0),"") | N76: =IFERROR(VLOOKUP(N74,$A$2:$H$109,8,0),"") -> -24.482759 | O76: =IFERROR(VLOOKUP(O74,$A$2:$H$109,8,0),"") -> 41.08 | P76: =IFERROR(VLOOKUP(P74,$A$2:$H$109,8,0),"") -> -19.28 | Q76: =IFERROR(VLOOKUP(Q74,$A$2:$H$109,8,0),"") | R76: =IFERROR(VLOOKUP(R74,$A$2:$H$109,8,0),"")
A77: 금융 | B77: 집중력 | C77: 기억력 | D77: 논리력 | H77: =SUMPRODUCT(B78:G78,B79:G79)/SUM(B78:G78) -> -22.372549 | M77: 연구자-법학과 | N77: 법 | O77: 언어 능력 | P77: 논리적 사고 | S77: =SUMPRODUCT(N78:R78,N79:R79)/SUM(N78:R78) -> -2.8833333
B78: 0.8 | C78: 0.9 | D78: 0.85 | N78: 1 | O78: 0.5 | P78: 0.5
B79: =IFERROR(VLOOKUP(B77,Sheet1!$A$1:$B$15,2,0),"") -> -73 | C79: =IFERROR(VLOOKUP(C77,Sheet1!$A$1:$B$15,2,0),"") -> -24 | D79: =IFERROR(VLOOKUP(D77,Sheet1!$A$1:$B$15,2,0),"") -> 27 | E79: =IFERROR(VLOOKUP(E77,Sheet1!$A$1:$B$15,2,0),"") | F79: =IFERROR(VLOOKUP(F77,Sheet1!$A$1:$B$15,2,0),"") | G79: =IFERROR(VLOOKUP(G77,Sheet1!$A$1:$B$15,2,0),"") | N79: =IFERROR(VLOOKUP(N77,$A$2:$H$109,8,0),"") -> -16.666667 | O79: =IFERROR(VLOOKUP(O77,$A$2:$H$109,8,0),"") -> 41.08 | P79: =IFERROR(VLOOKUP(P77,$A$2:$H$109,8,0),"") -> -19.28 | Q79: =IFERROR(VLOOKUP(Q77,$A$2:$H$109,8,0),"") | R79: =IFERROR(VLOOKUP(R77,$A$2:$H$109,8,0),"")
A80: 논리적 사고 | B80: 집중력 | C80: 기억력 | D80: 논리력 | H80: =SUMPRODUCT(B81:G81,B82:G82)/SUM(B81:G81) -> -19.28 | M80: 연구자-의과대학 | N80: 의학 | O80: 언어 능력 | P80: 논리적 사고 | S80: =SUMPRODUCT(N81:R81,N82:R82)/SUM(N81:R81) -> -6.7166667
B81: 0.8 | C81: 0.7 | D81: 1 | N81: 1 | O81: 0.5 | P81: 0.5
B82: =IFERROR(VLOOKUP(B80,Sheet1!$A$1:$B$15,2,0),"") -> -73 | C82: =IFERROR(VLOOKUP(C80,Sheet1!$A$1:$B$15,2,0),"") -> -24 | D82: =IFERROR(VLOOKUP(D80,Sheet1!$A$1:$B$15,2,0),"") -> 27 | E82: =IFERROR(VLOOKUP(E80,Sheet1!$A$1:$B$15,2,0),"") | F82: =IFERROR(VLOOKUP(F80,Sheet1!$A$1:$B$15,2,0),"") | G82: =IFERROR(VLOOKUP(G80,Sheet1!$A$1:$B$15,2,0),"") | N82: =IFERROR(VLOOKUP(N80,$A$2:$H$109,8,0),"") -> -24.333333 | O82: =IFERROR(VLOOKUP(O80,$A$2:$H$109,8,0),"") -> 41.08 | P82: =IFERROR(VLOOKUP(P80,$A$2:$H$109,8,0),"") -> -19.28 | Q82: =IFERROR(VLOOKUP(Q80,$A$2:$H$109,8,0),"") | R82: =IFERROR(VLOOKUP(R80,$A$2:$H$109,8,0),"")
A83: 언어 능력 | B83: 집중력 | C83: 기억력 | D83: 언어 능력 | E83: 사교성 | H83: =SUMPRODUCT(B84:G84,B85:G85)/SUM(B84:G84) -> 41.08 | M83: 연구자-금융학과 | N83: 금융 | O83: 언어 능력 | P83: 논리적 사고 | S83: =SUMPRODUCT(N84:R84,N85:R85)/SUM(N84:R84) -> -5.7362745
B84: 0.5 | C84: 0.8 | D84: 1 | E84: 0.2 | N84: 1 | O84: 0.5 | P84: 0.5
B85: =IFERROR(VLOOKUP(B83,Sheet1!$A$1:$B$15,2,0),"") -> -73 | C85: =IFERROR(VLOOKUP(C83,Sheet1!$A$1:$B$15,2,0),"") -> -24 | D85: =IFERROR(VLOOKUP(D83,Sheet1!$A$1:$B$15,2,0),"") -> 156 | E85: =IFERROR(VLOOKUP(E83,Sheet1!$A$1:$B$15,2,0),"") -> 12 | F85: =IFERROR(VLOOKUP(F83,Sheet1!$A$1:$B$15,2,0),"") | G85: =IFERROR(VLOOKUP(G83,Sheet1!$A$1:$B$15,2,0),"") | N85: =IFERROR(VLOOKUP(N83,$A$2:$H$109,8,0),"") -> -22.372549 | O85: =IFERROR(VLOOKUP(O83,$A$2:$H$109,8,0),"") -> 41.08 | P85: =IFERROR(VLOOKUP(P83,$A$2:$H$109,8,0),"") -> -19.28 | Q85: =IFERROR(VLOOKUP(Q83,$A$2:$H$109,8,0),"") | R85: =IFERROR(VLOOKUP(R83,$A$2:$H$109,8,0),"")
A86: 과학 | B86: 집중력 | C86: 기억력 | D86: 논리력 | H86: =SUMPRODUCT(B87:G87,B88:G88)/SUM(B87:G87) -> -13.4 | M86: 연구자-경찰학과 | N86: 경찰지식 | O86: 언어 능력 | P86: 논리적 사고 | S86: =SUMPRODUCT(N87:R87,N88:R88)/SUM(N87:R87) -> 23.571212
B87: 0.5 | C87: 1 | D87: 1 | N87: 1 | O87: 0.5 | P87: 0.5
B88: =IFERROR(VLOOKUP(B86,Sheet1!$A$1:$B$15,2,0),"") -> -73 | C88: =IFERROR(VLOOKUP(C86,Sheet1!$A$1:$B$15,2,0),"") -> -24 | D88: =IFERROR(VLOOKUP(D86,Sheet1!$A$1:$B$15,2,0),"") -> 27 | E88: =IFERROR(VLOOKUP(E86,Sheet1!$A$1:$B$15,2,0),"") | F88: =IFERROR(VLOOKUP(F86,Sheet1!$A$1:$B$15,2,0),"") | G88: =IFERROR(VLOOKUP(G86,Sheet1!$A$1:$B$15,2,0),"") | N88: =IFERROR(VLOOKUP(N86,$A$2:$H$109,8,0),"") -> 36.242424 | O88: =IFERROR(VLOOKUP(O86,$A$2:$H$109,8,0),"") -> 41.08 | P88: =IFERROR(VLOOKUP(P86,$A$2:$H$109,8,0),"") -> -19.28 | Q88: =IFERROR(VLOOKUP(Q86,$A$2:$H$109,8,0),"") | R88: =IFERROR(VLOOKUP(R86,$A$2:$H$109,8,0),"")
A89: 운동 능력 | B89: 집중력 | C89: 체격 | D89: 건강 | E89: 지구력 | H89: =SUMPRODUCT(B90:G90,B91:G91)/SUM(B90:G90) -> 31.525424 | M89: 연구자-군사학과 | N89: 군사지식 | O89: 언어 능력 | P89: 논리적 사고 | S89: =SUMPRODUCT(N90:R90,N91:R91)/SUM(N90:R90) -> 21.838889
B90: 0.4 | C90: 0.9 | D90: 0.8 | E90: 0.85 | N90: 1 | O90: 0.5 | P90: 0.5
B91: =IFERROR(VLOOKUP(B89,Sheet1!$A$1:$B$15,2,0),"") -> -73 | C91: =IFERROR(VLOOKUP(C89,Sheet1!$A$1:$B$15,2,0),"") -> 26 | D91: =IFERROR(VLOOKUP(D89,Sheet1!$A$1:$B$15,2,0),"") -> 166 | E91: =IFERROR(VLOOKUP(E89,Sheet1!$A$1:$B$15,2,0),"") -> -40 | F91: =IFERROR(VLOOKUP(F89,Sheet1!$A$1:$B$15,2,0),"") | G91: =IFERROR(VLOOKUP(G89,Sheet1!$A$1:$B$15,2,0),"") | N91: =IFERROR(VLOOKUP(N89,$A$2:$H$109,8,0),"") -> 32.777778 | O91: =IFERROR(VLOOKUP(O89,$A$2:$H$109,8,0),"") -> 41.08 | P91: =IFERROR(VLOOKUP(P89,$A$2:$H$109,8,0),"") -> -19.28 | Q91: =IFERROR(VLOOKUP(Q89,$A$2:$H$109,8,0),"") | R91: =IFERROR(VLOOKUP(R89,$A$2:$H$109,8,0),"")
A92: 농사기술 | B92: 체격 | C92: 회복력 | D92: 건강 | E92: 지구력 | H92: =SUMPRODUCT(B93:G93,B94:G94)/SUM(B93:G93) -> 58.965517 | M92: 연구자-소방안전학과 | N92: 소방지식 | O92: 언어 능력 | P92: 논리적 사고 | S92: =SUMPRODUCT(N93:R93,N94:R94)/SUM(N93:R93) -> 30.754348
B93: 0.5 | C93: 0.9 | D93: 0.7 | E93: 0.8 | N93: 1 | O93: 0.5 | P93: 0.5
B94: =IFERROR(VLOOKUP(B92,Sheet1!$A$1:$B$15,2,0),"") -> 26 | C94: =IFERROR(VLOOKUP(C92,Sheet1!$A$1:$B$15,2,0),"") -> 82 | D94: =IFERROR(VLOOKUP(D92,Sheet1!$A$1:$B$15,2,0),"") -> 166 | E94: =IFERROR(VLOOKUP(E92,Sheet1!$A$1:$B$15,2,0),"") -> -40 | F94: =IFERROR(VLOOKUP(F92,Sheet1!$A$1:$B$15,2,0),"") | G94: =IFERROR(VLOOKUP(G92,Sheet1!$A$1:$B$15,2,0),"") | N94: =IFERROR(VLOOKUP(N92,$A$2:$H$109,8,0),"") -> 50.608696 | O94: =IFERROR(VLOOKUP(O92,$A$2:$H$109,8,0),"") -> 41.08 | P94: =IFERROR(VLOOKUP(P92,$A$2:$H$109,8,0),"") -> -19.28 | Q94: =IFERROR(VLOOKUP(Q92,$A$2:$H$109,8,0),"") | R94: =IFERROR(VLOOKUP(R92,$A$2:$H$109,8,0),"")
A95: 소방지식 | B95: 체격 | C95: 회복력 | D95: 건강 | E95: 정신력 | F95: 지구력 | H95: =SUMPRODUCT(B96:G96,B97:G97)/SUM(B96:G96) -> 50.608696 | M95: 연구자-외교학과 | N95: 고급 외국어 | O95: 언어 능력 | P95: 논리적 사고 | S95: =SUMPRODUCT(N96:R96,N97:R97)/SUM(N96:R96) -> 16.662329
B96: 0.4 | C96: 0.8 | D96: 0.85 | E96: 0.5 | F96: 0.9 | N96: 1 | O96: 0.5 | P96: 0.5
B97: =IFERROR(VLOOKUP(B95,Sheet1!$A$1:$B$15,2,0),"") -> 26 | C97: =IFERROR(VLOOKUP(C95,Sheet1!$A$1:$B$15,2,0),"") -> 82 | D97: =IFERROR(VLOOKUP(D95,Sheet1!$A$1:$B$15,2,0),"") -> 166 | E97: =IFERROR(VLOOKUP(E95,Sheet1!$A$1:$B$15,2,0),"") -> -13 | F97: =IFERROR(VLOOKUP(F95,Sheet1!$A$1:$B$15,2,0),"") -> -40 | G97: =IFERROR(VLOOKUP(G95,Sheet1!$A$1:$B$15,2,0),"") | N97: =IFERROR(VLOOKUP(N95,$A$2:$H$109,8,0),"") -> 22.424658 | O97: =IFERROR(VLOOKUP(O95,$A$2:$H$109,8,0),"") -> 41.08 | P97: =IFERROR(VLOOKUP(P95,$A$2:$H$109,8,0),"") -> -19.28 | Q97: =IFERROR(VLOOKUP(Q95,$A$2:$H$109,8,0),"") | R97: =IFERROR(VLOOKUP(R95,$A$2:$H$109,8,0),"")
A98: 사교성 | B98: 얼굴 | C98: 언어 능력 | D98: 사교성 | E98: 리더십 | H98: =SUMPRODUCT(B99:G99,B100:G100)/SUM(B99:G99) -> 59.913043 | M98: 연구자-행정학과 | N98: 공공력 | O98: 언어 능력 | P98: 논리적 사고 | S98: =SUMPRODUCT(N99:R99,N100:R100)/SUM(N99:R99) -> 25.116667
B99: 0.2 | C99: 0.5 | D99: 0.9 | E99: 0.7 | N99: 1 | O99: 0.5 | P99: 0.5
B100: =IFERROR(VLOOKUP(B98,Sheet1!$A$1:$B$15,2,0),"") -> 154 | C100: =IFERROR(VLOOKUP(C98,Sheet1!$A$1:$B$15,2,0),"") -> 156 | D100: =IFERROR(VLOOKUP(D98,Sheet1!$A$1:$B$15,2,0),"") -> 12 | E100: =IFERROR(VLOOKUP(E98,Sheet1!$A$1:$B$15,2,0),"") -> 26 | F100: =IFERROR(VLOOKUP(F98,Sheet1!$A$1:$B$15,2,0),"") | G100: =IFERROR(VLOOKUP(G98,Sheet1!$A$1:$B$15,2,0),"") | N100: =IFERROR(VLOOKUP(N98,$A$2:$H$109,8,0),"") -> 39.333333 | O100: =IFERROR(VLOOKUP(O98,$A$2:$H$109,8,0),"") -> 41.08 | P100: =IFERROR(VLOOKUP(P98,$A$2:$H$109,8,0),"") -> -19.28 | Q100: =IFERROR(VLOOKUP(Q98,$A$2:$H$109,8,0),"") | R100: =IFERROR(VLOOKUP(R98,$A$2:$H$109,8,0),"")
...
